{
    "entrance_outside": {
        "x" : -1.3299625404060595,
        "y" : 0.1452470529432489,
        "theta" : -3.081248606841311
    },
    "entrance": {
        "x" : -1.3299625404060595,
        "y" : 0.1452470529432489,
        "theta" : -3.081248606841311
    },
    "hallway": {
        "x" : -1.3299625404060595,
        "y" : 0.1452470529432489,
        "theta" : -3.081248606841311
    },
    "plumber_bathroom": {
        "x" : 0.454351264693135,
        "y" : 1.1199296646511474,
        "theta" : 1.544989642356203
    },
    "kitchen": {
        "x" : 2.8,
        "y" : 1.5,
        "theta" : 4.5
    },
    "home": {
        "x" : -0.9521770051726814,
        "y" : 0.6212180650406167,
        "theta" : 1.790878436232519
    },
    "doctor_lead": {
        "x" : 5.1111032464911474,
        "y" : 0.6216210729075634,
        "theta" : 1.665253487325188
    },
    "bedroom": {
      "x" : 5.1111032464911474,
      "y" : 0.6216210729075634,
      "theta" : 0.0
    },
    "bathroom": {
      "x" : 0.454351264693135,
      "y" : 1.1199296646511474,
      "theta" : 1.544989642356203
    }
}
