{
    "entrance_outside": {
        "x" : 0.8292363443747486,
        "y" : 0.02098473835564918,
        "theta" : -0.00014065558982173467
    },
    "entrance": {
        "x" : 2.884932556208321,
        "y" : 0.1008698645753563,
        "theta" : -3.051244642416027
    },
    "hallway": {
        "x" : 4.14104915651893,
        "y" : -0.5841932336834992,
        "theta" : -1.5254542549704238
    },
    "plumber_bathroom": {
        "x" : 4.447919653323717,
        "y" : -2.417463315321872,
        "theta" : 1.994213708741143
    },
    "kitchen": {
        "x" : 1.7186162182729643,
        "y" : 2.1420239454921193,
        "theta" : 0.0859140269462302
    },
    "bedroom": {
        "x" : 6.680756120098137,
        "y" : -1.6816120220113953,
        "theta" : -0.579831351652748
    }
}
