{
    "entrance": {
		"x" : -0.634352270887,
		"y" : -0.00880681955781,
		"theta" : 2.18092056266
	},
	"entrance_hall": {
		"x" : -0.634352270887,
		"y" : -0.00880681955781,
		"theta" : 2.18092056266
	},
    "hallway": {
        "x" : -1.14598512707,
        "y" : -0.101395637676,
        "theta" : -0.0590797327431
    },
    "plumber_bathroom": {
        "x" : 2.21261638018,
        "y" : 0.720681751671,
        "theta" : 2.96579601375
    },
    "kitchen": {
        "x" : 4.22694696791,
        "y" : 1.7578951561,
        "theta" : -3.10048665156
    },
    "living_room": {
		"x" : 1.74931908209,
		"y" : 0.610823033873,
		"theta" : 3.04588695182
	},
    "home": {
        "x" : 1.85647918987,
        "y" : -0.172134202676,
        "theta" : 3.11847631285
    },
    "doctor_lead": {
		"x" : 7.08935584122,
		"y" : 0.395809560995,
		"theta" : 2.43809654473
	},
    "bedroom": {
		"x" : 6.50341105307,
		"y" : 1.75758143556,
		"theta" : 0.683473775879
	},
    "bathroom": {
		"x" : 1.27755422471,
		"y" : 2.8316702498,
		"theta" : -0.0010649015793
	},
	"trash_bin": {
		"x" : 0.874952039851,
		"y" : -0.508534524851,
		"theta" : -0.673559199333
	},
	"coffee_table": {
		"x" : -0.149067982479,
		"y" : -0.313535674515,
		"theta" : -2.42046298905
	},
	"arm_chair_1": {
		"x" : 0.0598190019193,
		"y" : -0.409548680876,
		"theta" : -1.76892609491
	},
	"arm_chair_one": {
		"x" : 0.0598190019193,
		"y" : -0.409548680876,
		"theta" : -1.76892609491
	},	
	"arm_chair_2": {
		"x" : -0.9811103355,
		"y" : -0.093573990785,
		"theta" : -2.10145271722
	},
	"arm_chair_two": {
		"x" : -0.9811103355,
		"y" : -0.093573990785,
		"theta" : -2.10145271722
	},	
	"tv_table": {
		"x" : -0.149067982479,
		"y" : -0.313535674515,
		"theta" : -2.42046298905
	},
	"sofa": {
		"x" : 0.114266539829,
		"y" : 0.697330435366,
		"theta" : 1.606023348
	},
	"bookshelf": {
		"x" : 2.6727371022,
		"y" : -1.11783524942,
		"theta" : -1.61955736749
	},
	"plant": {
		"x" : 2.98311543503,
		"y" : -1.16641521755,
		"theta" : -0.730268853471
	},
	"dining_table": {
		"x" : 0.754297125396,
		"y" : -0.259235067261,
		"theta" : -1.57805845731
	},
	"dining_room": {
		"x" : 0.754297125396,
		"y" : -0.259235067261,
		"theta" : -1.57805845731
	},
	"kitchen_table": {
		"x" : 4.27169711627,
		"y" : -0.275406365369,
		"theta" : -1.64207091437
	},
	"kitchen_counter": {
		"x" : 3.85770931197,
		"y" : 2.39559630381,
		"theta" : 1.64548073467
	},
	"kitchen_cabinet": {
		"x" : 3.85770931197,
		"y" : 2.39559630381,
		"theta" : 1.64548073467
	},
	"living_room_view": {
		"x" : -1.04552123178,
		"y" : -0.0877003429333,
		"theta" : 0.0879966662706
	},
	"dining_view": {
		"x" : 4.78602990462,
		"y" : 0.283087366301,
		"theta" : -3.05037598721
	},
	"kitchen_view": {
		"x" : 4.72530420616,
		"y" : 0.281946780377,
		"theta" : 2.14959923224
	},
	"bedroom_view": {
		"x" : 5.71666551486,
		"y" : 0.33244007965,
		"theta" : 0.947205918005
	},
	"closet": {
		"x" : 7.0498991847,
		"y" : 1.59605627025,
		"theta" : -0.019589951986
	},
	"bathroom_drawer": {
		"x" : 1.6569634832,
		"y" : 2.70844382158,
		"theta" : 1.51547854863
	},
	"bathroom_view": {
		"x" : 1.68961634069,
		"y" : 2.37586859454,
		"theta" : 2.05204020676
	},
	"bed": {
		"x" : 6.60413883306,
		"y" : 1.84873695496,
		"theta" : 1.01166837589
	},
	"side_table_1": {
		"x" : 6.60413883306,
		"y" : 1.84873695496,
		"theta" : 1.01166837589
	},	
	"side_table_2": {
		"x" : 6.60413883306,
		"y" : 1.84873695496,
		"theta" : 1.01166837589
	},		
	"side_table_one": {
		"x" : 6.60413883306,
		"y" : 1.84873695496,
		"theta" : 1.01166837589
	},	
	"side_table_two": {
		"x" : 6.60413883306,
		"y" : 1.84873695496,
		"theta" : 1.01166837589
	},
     "bucket": {
		"x" : 6.60413883306,
		"y" : 1.84873695496,
		"theta" : 1.01166837589
	}				


}
